{
  "train_loss": [
    0.992229174852472,
    0.7085067001787176,
    0.6359899762213658,
    0.6024412446467914,
    0.5765122844457391,
    0.5528393512778745,
    0.54050756058564,
    0.5276808734679453,
    0.5206892072122007,
    0.5113689008606536,
    0.5040044461802822,
    0.49727442990288134,
    0.49307927243341243,
    0.4858727575380892,
    0.48511818998582834,
    0.47405689849834715,
    0.47183442459091673,
    0.4722399372707671,
    0.47003035551392686,
    0.4659929475369982,
    0.4594091103624549,
    0.4668565958574647,
    0.4530942753290999,
    0.4503203101761491,
    0.447989325966739,
    0.4393855458480374,
    0.45317467563237257,
    0.44139864999229617,
    0.436370858427102,
    0.4364160980377176,
    0.43640160766256947,
    0.439961864073299,
    0.4327468063365975,
    0.4398413995985682,
    0.4312333372542093,
    0.4268799836057086,
    0.420832285073891,
    0.42569237823654876,
    0.43071559309506147,
    0.4256722481590546,
    0.4246724587295311,
    0.4232958503851268,
    0.41846265922615417,
    0.42597192243830684,
    0.41768442881458195,
    0.41688147643857765,
    0.4127779118302271,
    0.4162544774649899,
    0.4176626071478679,
    0.4015190671773179
  ],
  "test_loss": [
    1.0010995642012597,
    1.0415141720830658,
    1.1322298906975068,
    1.1799969328402187,
    1.1590549577664564,
    1.283006990563198,
    1.3508570443184913,
    1.4080300495948321,
    1.449174726285105,
    1.4854108864827682,
    1.5402525005500267,
    1.5117192530371508,
    1.6095587640548237,
    1.6655900800111396,
    1.6716439371229452,
    1.6811494025031066,
    1.7981696494508335,
    1.798821431199625,
    1.8348270106082167,
    1.9637500389765488,
    1.8770653626420437,
    1.8643657669981135,
    2.049959068351119,
    1.9514906904621971,
    2.1931858047384125,
    2.14232790015751,
    2.110731218364267,
    2.1914731921042656,
    2.059456994987911,
    2.087660908215229,
    1.9963446840015864,
    2.1836566886885618,
    2.12460640370296,
    2.089176853264378,
    2.4671860098212903,
    2.20172519325212,
    2.274337951971552,
    2.2391762252088743,
    2.3382364415642014,
    2.024036190454649,
    2.2014252633697957,
    1.975859570208891,
    1.9925088973794403,
    2.06548696711873,
    2.4709439156172848,
    2.371116980691658,
    2.36029092252246,
    2.2330913667393286,
    2.2817176927991736,
    2.3864273066180335
  ],
  "test_segment_bal_acc": [
    0.4279835390946502,
    0.4958847736625514,
    0.43621399176954734,
    0.41358024691358025,
    0.35390946502057613,
    0.3271604938271605,
    0.29012345679012347,
    0.2736625514403292,
    0.3168724279835391,
    0.27572016460905346,
    0.27366255144032925,
    0.2654320987654321,
    0.26954732510288065,
    0.2654320987654321,
    0.2551440329218107,
    0.22633744855967078,
    0.29218106995884774,
    0.26954732510288065,
    0.2757201646090535,
    0.294238683127572,
    0.26954732510288065,
    0.25925925925925924,
    0.29835390946502055,
    0.2654320987654321,
    0.29012345679012347,
    0.29629629629629634,
    0.29835390946502055,
    0.3045267489711934,
    0.3045267489711934,
    0.3004115226337449,
    0.2839506172839506,
    0.2880658436213992,
    0.29835390946502055,
    0.27777777777777773,
    0.29835390946502055,
    0.3106995884773663,
    0.30864197530864196,
    0.2839506172839506,
    0.27983539094650206,
    0.3065843621399177,
    0.3045267489711934,
    0.28189300411522633,
    0.3148148148148148,
    0.30658436213991774,
    0.30246913580246915,
    0.29629629629629634,
    0.3065843621399177,
    0.30658436213991774,
    0.3209876543209877,
    0.31893004115226337
  ]
}