{
  "balanced_accuracy": 0.5263773230203304,
  "accuracy": 0.7025066891987044,
  "macro_f1": 0.5239408197606762,
  "segment_balanced_accuracy": 0.5396825396825398,
  "segment_accuracy": 0.48660714285714285,
  "segment_macro_f1": 0.4715253778429731,
  "report_balanced_accuracy": 0.5396825396825398,
  "report_accuracy": 0.48660714285714285,
  "report_macro_f1": 0.4715253778429731,
  "n_train": 14202,
  "n_test": 14202,
  "n_test_segments": 224,
  "n_test_subjects": 28,
  "best_params": {
    "clf__C": 0.01
  },
  "train_time_sec": 103.021,
  "saved_at_utc": "2026-03-16T17:34:43Z"
}