{
  "train_loss": [
    0.5458835401917184,
    0.20981670958120643,
    0.16264779168152102,
    0.14178392963018774,
    0.12663544093434376,
    0.12401427904733242,
    0.10433682407580352,
    0.09741173914201018,
    0.094562403948949,
    0.08959159935119909,
    0.08842992795600395,
    0.08422887299993466,
    0.08791118038988883,
    0.07881429949678612,
    0.0788265155269423,
    0.0711728509020628,
    0.07590787199680574,
    0.07588564257573904,
    0.07152268714386259,
    0.07005247129195237,
    0.06585682941807994,
    0.06770843543351064,
    0.0712206920225146,
    0.0665963923856281,
    0.06438524011144862,
    0.06542668969346893,
    0.06209410638208446,
    0.06225840014194337,
    0.06534394120831874,
    0.06031865780990339,
    0.0638465757791136,
    0.06402960363004563,
    0.0644605770504148,
    0.060778383321804866,
    0.05930929966854173,
    0.05793853474044926,
    0.06027837290521408,
    0.057794787338483686,
    0.05856520803207816,
    0.05553370956727062,
    0.057484968772573516,
    0.05158930552747708,
    0.05409147049824575,
    0.05882287434080087,
    0.05578942332132944,
    0.05646357511623093,
    0.050877733053005754,
    0.051105227655022435,
    0.05461557183563109,
    0.05334824552738451
  ],
  "test_loss": [
    0.45259291794801426,
    0.6164257237781524,
    0.6088152354083252,
    0.7689205038916836,
    0.8815033733146704,
    0.9385374976487786,
    1.1060566648352255,
    1.271570394109791,
    1.458750472704405,
    1.3417472733189726,
    1.6154092974836132,
    1.689819472619761,
    1.587319833579427,
    2.05323731055208,
    2.2161591042932702,
    1.974154053897563,
    2.3677994736243217,
    2.427242247560892,
    2.3812198093815975,
    3.1227204844991023,
    3.2947510380524,
    2.5805031416543804,
    2.967392345281427,
    2.882617045903775,
    3.2200931501830206,
    2.8822030665268827,
    3.1533328697837244,
    3.245691411141747,
    2.956903911640446,
    2.9996784717694847,
    2.8342745650360563,
    2.765952864811888,
    2.6352465810145427,
    2.917807838513891,
    3.1744456619181514,
    3.5068519564967935,
    3.2427266145919345,
    3.123767060914242,
    3.1077733724305796,
    3.378118384643665,
    3.2077381044090854,
    3.2634274982502753,
    3.6193439144731676,
    3.2584239414309124,
    3.2780736964781587,
    3.205543521238846,
    3.305591655387812,
    3.2477168853348566,
    3.284268050529038,
    2.9054381225162658
  ],
  "test_segment_bal_acc": [
    0.7191358024691359,
    0.6080246913580247,
    0.6080246913580247,
    0.5740740740740741,
    0.5277777777777778,
    0.5123456790123457,
    0.5339506172839507,
    0.5030864197530864,
    0.5,
    0.5246913580246914,
    0.5,
    0.5,
    0.5,
    0.5,
    0.5,
    0.5,
    0.5,
    0.5,
    0.5,
    0.5,
    0.5,
    0.5,
    0.5,
    0.5,
    0.5,
    0.5,
    0.5,
    0.5,
    0.5,
    0.5,
    0.5,
    0.5,
    0.5,
    0.5,
    0.5,
    0.5,
    0.5,
    0.5,
    0.5,
    0.5,
    0.5,
    0.5,
    0.5,
    0.5,
    0.5,
    0.5,
    0.5,
    0.5,
    0.5,
    0.5
  ]
}