{
  "train_loss": [
    0.4865007310932336,
    0.18434231653693248,
    0.1270047926701467,
    0.09916451514460811,
    0.08041473797162882,
    0.06874157976767764,
    0.05926366000564044,
    0.05356184321854645,
    0.055319341068155135,
    0.044790082557103886,
    0.04439148575295362,
    0.04420863604182315,
    0.04117503956947202,
    0.03439689963195398,
    0.03678844778421736,
    0.034225258330310156,
    0.03203941505834634,
    0.037847810718005574,
    0.032966530678888245,
    0.03180232213685064,
    0.031151756667931806,
    0.026943462628160716,
    0.028480557132524488,
    0.027572481042634243,
    0.027772505841761372,
    0.026191962753109737,
    0.02508903205602581,
    0.02455883251871304,
    0.022645366021600617,
    0.02251081914486486,
    0.02596888245897184,
    0.0219957935690763,
    0.02290711751585287,
    0.024180429812264488,
    0.02370042184033365,
    0.021922270036793312,
    0.022337584355204748,
    0.02115374971203043,
    0.017226636478539056,
    0.019013362844372588,
    0.020704131333750615,
    0.01935158799584068,
    0.02160810276696829,
    0.01931329779507973,
    0.017592951747913033,
    0.019345852593257357,
    0.017830613219412116,
    0.01706381223308684,
    0.019058989943218252,
    0.017705542948548314
  ],
  "test_loss": [
    2.9382813246353465,
    3.1222759309787302,
    4.1291072964396625,
    5.793806344072761,
    5.169988121348307,
    5.906812419669614,
    7.172603249602712,
    7.6889497927693435,
    8.710732017441847,
    10.145546636697736,
    8.869214528637615,
    9.705196818183603,
    9.741709731300288,
    11.140354991589009,
    11.558365821633446,
    11.451254537110493,
    11.137132916613592,
    11.49001064060153,
    10.65661009531007,
    10.553624223288374,
    11.721464499197486,
    12.715225655185254,
    12.642947566255001,
    14.245712568050216,
    12.768215944694555,
    13.156538573649856,
    12.657675505137568,
    11.16388935024625,
    14.539586162201095,
    14.499684192171342,
    12.441981097990116,
    14.083179901111194,
    14.074428414262583,
    13.146126699237058,
    13.923588114860493,
    13.428326403758915,
    12.417370730138183,
    13.872738769634232,
    12.875419348808034,
    13.663324053588331,
    12.552211020574918,
    13.102095974421767,
    13.440681525261722,
    14.21137737335274,
    14.721380919804853,
    15.873803559146628,
    14.980896197442657,
    13.932697033395375,
    14.979682728133906,
    15.39848037086278
  ],
  "test_segment_bal_acc": [
    0.3333333333333333,
    0.28769841269841273,
    0.3333333333333333,
    0.3333333333333333,
    0.3333333333333333,
    0.3333333333333333,
    0.3333333333333333,
    0.3333333333333333,
    0.3333333333333333,
    0.3333333333333333,
    0.3333333333333333,
    0.3333333333333333,
    0.3333333333333333,
    0.3333333333333333,
    0.3333333333333333,
    0.3333333333333333,
    0.3333333333333333,
    0.3333333333333333,
    0.3333333333333333,
    0.3333333333333333,
    0.3333333333333333,
    0.3333333333333333,
    0.3333333333333333,
    0.3333333333333333,
    0.3333333333333333,
    0.3333333333333333,
    0.3333333333333333,
    0.3333333333333333,
    0.3333333333333333,
    0.3333333333333333,
    0.3333333333333333,
    0.3333333333333333,
    0.3333333333333333,
    0.3333333333333333,
    0.3333333333333333,
    0.3333333333333333,
    0.3333333333333333,
    0.3333333333333333,
    0.3333333333333333,
    0.3333333333333333,
    0.3333333333333333,
    0.3333333333333333,
    0.3333333333333333,
    0.3333333333333333,
    0.3333333333333333,
    0.3333333333333333,
    0.3333333333333333,
    0.3333333333333333,
    0.3333333333333333,
    0.3333333333333333
  ]
}