{
  "balanced_accuracy": 0.5366057027480385,
  "accuracy": 0.7027179270525278,
  "macro_f1": 0.5363223748775471,
  "segment_balanced_accuracy": 0.5595238095238095,
  "segment_accuracy": 0.5089285714285714,
  "segment_macro_f1": 0.5129885524622366,
  "report_balanced_accuracy": 0.5595238095238095,
  "report_accuracy": 0.5089285714285714,
  "report_macro_f1": 0.5129885524622366,
  "n_train": 14202,
  "n_test": 14202,
  "n_test_segments": 224,
  "n_test_subjects": 28,
  "best_params": {
    "clf__C": 0.01
  },
  "train_time_sec": 130.261,
  "saved_at_utc": "2026-03-16T17:56:55Z"
}