{
  "fold_rows": [
    {
      "test_subject": "design_01",
      "outer_fold": 1,
      "fold_key": "test_subject_design_01",
      "best_epoch": 11,
      "best_val_segment_balanced_accuracy": 0.8333333333333334,
      "window_balanced_accuracy": 0.7339159021961154,
      "window_accuracy": 0.5983606557377049,
      "window_macro_f1": 0.6049258927701905,
      "segment_balanced_accuracy": 0.8333333333333334,
      "segment_accuracy": 0.7857142857142857,
      "segment_macro_f1": 0.746031746031746,
      "n_train_windows": 34137,
      "n_test_windows": 1098,
      "n_train_subjects": 26,
      "n_test_subjects": 1,
      "n_train_segments": 364,
      "n_test_segments": 14
    },
    {
      "test_subject": "design_02",
      "outer_fold": 2,
      "fold_key": "test_subject_design_02",
      "best_epoch": 11,
      "best_val_segment_balanced_accuracy": 1.0,
      "window_balanced_accuracy": 0.8651457791450544,
      "window_accuracy": 0.8815663801337154,
      "window_macro_f1": 0.8465964372155348,
      "segment_balanced_accuracy": 1.0,
      "segment_accuracy": 1.0,
      "segment_macro_f1": 1.0,
      "n_train_windows": 34188,
      "n_test_windows": 1047,
      "n_train_subjects": 26,
      "n_test_subjects": 1,
      "n_train_segments": 364,
      "n_test_segments": 14
    },
    {
      "test_subject": "design_03",
      "outer_fold": 3,
      "fold_key": "test_subject_design_03",
      "best_epoch": 6,
      "best_val_segment_balanced_accuracy": 0.7222222222222223,
      "window_balanced_accuracy": 0.6942334739803094,
      "window_accuracy": 0.6095617529880478,
      "window_macro_f1": 0.6177821982571322,
      "segment_balanced_accuracy": 0.7222222222222223,
      "segment_accuracy": 0.6428571428571429,
      "segment_macro_f1": 0.6638655462184874,
      "n_train_windows": 34482,
      "n_test_windows": 753,
      "n_train_subjects": 26,
      "n_test_subjects": 1,
      "n_train_segments": 364,
      "n_test_segments": 14
    },
    {
      "test_subject": "design_04",
      "outer_fold": 4,
      "fold_key": "test_subject_design_04",
      "best_epoch": 2,
      "best_val_segment_balanced_accuracy": 0.7777777777777777,
      "window_balanced_accuracy": 0.9402266519913578,
      "window_accuracy": 0.9140211640211641,
      "window_macro_f1": 0.9250154448859128,
      "segment_balanced_accuracy": 0.7777777777777777,
      "segment_accuracy": 0.7142857142857143,
      "segment_macro_f1": 0.75,
      "n_train_windows": 34479,
      "n_test_windows": 756,
      "n_train_subjects": 26,
      "n_test_subjects": 1,
      "n_train_segments": 364,
      "n_test_segments": 14
    },
    {
      "test_subject": "design_05",
      "outer_fold": 5,
      "fold_key": "test_subject_design_05",
      "best_epoch": 10,
      "best_val_segment_balanced_accuracy": 0.7222222222222222,
      "window_balanced_accuracy": 0.6578485796996367,
      "window_accuracy": 0.6031904287138584,
      "window_macro_f1": 0.5608352555497921,
      "segment_balanced_accuracy": 0.7222222222222222,
      "segment_accuracy": 0.6428571428571429,
      "segment_macro_f1": 0.6707070707070707,
      "n_train_windows": 34232,
      "n_test_windows": 1003,
      "n_train_subjects": 26,
      "n_test_subjects": 1,
      "n_train_segments": 364,
      "n_test_segments": 14
    },
    {
      "test_subject": "design_06",
      "outer_fold": 6,
      "fold_key": "test_subject_design_06",
      "best_epoch": 2,
      "best_val_segment_balanced_accuracy": 1.0,
      "window_balanced_accuracy": 0.959799229265704,
      "window_accuracy": 0.9469598965071151,
      "window_macro_f1": 0.9485927436965872,
      "segment_balanced_accuracy": 1.0,
      "segment_accuracy": 1.0,
      "segment_macro_f1": 1.0,
      "n_train_windows": 34462,
      "n_test_windows": 773,
      "n_train_subjects": 26,
      "n_test_subjects": 1,
      "n_train_segments": 364,
      "n_test_segments": 14
    },
    {
      "test_subject": "design_07",
      "outer_fold": 7,
      "fold_key": "test_subject_design_07",
      "best_epoch": 5,
      "best_val_segment_balanced_accuracy": 0.7777777777777777,
      "window_balanced_accuracy": 0.6423088696248409,
      "window_accuracy": 0.6269565217391304,
      "window_macro_f1": 0.6682309700176217,
      "segment_balanced_accuracy": 0.7777777777777777,
      "segment_accuracy": 0.7142857142857143,
      "segment_macro_f1": 0.7777777777777777,
      "n_train_windows": 34085,
      "n_test_windows": 1150,
      "n_train_subjects": 26,
      "n_test_subjects": 1,
      "n_train_segments": 364,
      "n_test_segments": 14
    },
    {
      "test_subject": "design_08",
      "outer_fold": 8,
      "fold_key": "test_subject_design_08",
      "best_epoch": 4,
      "best_val_segment_balanced_accuracy": 0.8333333333333334,
      "window_balanced_accuracy": 0.6450658217899597,
      "window_accuracy": 0.6428571428571429,
      "window_macro_f1": 0.6425082853654281,
      "segment_balanced_accuracy": 0.8333333333333334,
      "segment_accuracy": 0.7857142857142857,
      "segment_macro_f1": 0.8222222222222223,
      "n_train_windows": 34633,
      "n_test_windows": 602,
      "n_train_subjects": 26,
      "n_test_subjects": 1,
      "n_train_segments": 364,
      "n_test_segments": 14
    },
    {
      "test_subject": "design_09",
      "outer_fold": 9,
      "fold_key": "test_subject_design_09",
      "best_epoch": 4,
      "best_val_segment_balanced_accuracy": 0.8888888888888888,
      "window_balanced_accuracy": 0.8186429519171835,
      "window_accuracy": 0.8224794983116257,
      "window_macro_f1": 0.8294397067561355,
      "segment_balanced_accuracy": 0.8888888888888888,
      "segment_accuracy": 0.8571428571428571,
      "segment_macro_f1": 0.8857142857142858,
      "n_train_windows": 33162,
      "n_test_windows": 2073,
      "n_train_subjects": 26,
      "n_test_subjects": 1,
      "n_train_segments": 364,
      "n_test_segments": 14
    },
    {
      "test_subject": "design_10",
      "outer_fold": 10,
      "fold_key": "test_subject_design_10",
      "best_epoch": 1,
      "best_val_segment_balanced_accuracy": 1.0,
      "window_balanced_accuracy": 0.9437269644699985,
      "window_accuracy": 0.9676290463692039,
      "window_macro_f1": 0.9597637493050147,
      "segment_balanced_accuracy": 1.0,
      "segment_accuracy": 1.0,
      "segment_macro_f1": 1.0,
      "n_train_windows": 34092,
      "n_test_windows": 1143,
      "n_train_subjects": 26,
      "n_test_subjects": 1,
      "n_train_segments": 364,
      "n_test_segments": 14
    },
    {
      "test_subject": "design_11",
      "outer_fold": 11,
      "fold_key": "test_subject_design_11",
      "best_epoch": 1,
      "best_val_segment_balanced_accuracy": 0.6111111111111112,
      "window_balanced_accuracy": 0.6197889829468777,
      "window_accuracy": 0.7702145214521452,
      "window_macro_f1": 0.6089759046182593,
      "segment_balanced_accuracy": 0.6111111111111112,
      "segment_accuracy": 0.7857142857142857,
      "segment_macro_f1": 0.5641025641025642,
      "n_train_windows": 32811,
      "n_test_windows": 2424,
      "n_train_subjects": 26,
      "n_test_subjects": 1,
      "n_train_segments": 364,
      "n_test_segments": 14
    },
    {
      "test_subject": "design_12",
      "outer_fold": 12,
      "fold_key": "test_subject_design_12",
      "best_epoch": 5,
      "best_val_segment_balanced_accuracy": 0.9444444444444445,
      "window_balanced_accuracy": 0.8800194398882205,
      "window_accuracy": 0.8325358851674641,
      "window_macro_f1": 0.827854538472554,
      "segment_balanced_accuracy": 0.9444444444444445,
      "segment_accuracy": 0.9285714285714286,
      "segment_macro_f1": 0.9440559440559442,
      "n_train_windows": 34608,
      "n_test_windows": 627,
      "n_train_subjects": 26,
      "n_test_subjects": 1,
      "n_train_segments": 364,
      "n_test_segments": 14
    },
    {
      "test_subject": "design_13",
      "outer_fold": 13,
      "fold_key": "test_subject_design_13",