{
  "train_loss": [
    0.17374824264543598,
    0.03317953343352973,
    0.02331996299229711,
    0.015506945975861506,
    0.015052769238204039,
    0.010423927361120942,
    0.011029421749799252,
    0.012001277881296402,
    0.0046629369509085875,
    0.008399398840223088,
    0.007924028931543122,
    0.008181268751422902,
    0.0063095910244711706,
    0.004527588435857201,
    0.007212682820316175,
    0.004937043368408905,
    0.004201721680402199,
    0.004795249106458126,
    0.007825086310414172,
    0.0037699890228961737,
    0.004369178885640363,
    0.003782593026625238,
    0.005345060270959399,
    0.003056073094840597,
    0.007114232713811447,
    0.002193723460015252,
    0.004702150607635162,
    0.004866482095936737,
    0.0043110584393253396,
    0.004897775757597428,
    0.006128941439806956,
    0.002390015710245058,
    0.004939848979114264,
    0.002912135613700952,
    0.004125197687235404,
    0.0032797758740447337,
    0.0024231074730378254,
    0.0015115293758708075,
    0.0033575786342758696,
    0.002413114250426697,
    0.0031497520670074365,
    0.002133261143268508,
    0.002096196059157431,
    0.003133221349136997,
    0.0022706886334131144,
    0.0033230789233573274,
    0.004729290287021408,
    0.0024482464380927347,
    0.002085359582854272,
    0.0017822088792157616
  ],
  "test_loss": [
    2.4005318848573247,
    4.0224018807885695,
    6.255582901346896,
    7.285733322767361,
    8.570757518025669,
    9.311731841245967,
    11.300434739806636,
    11.070582774864059,
    9.561161979112347,
    9.378908189844298,
    9.48974498906369,
    9.014500896998321,
    10.417642269923952,
    9.090738197146129,
    10.880764330446102,
    10.417843149828553,
    10.19625377936837,
    10.372923603613716,
    10.89593569133064,
    12.743387713356178,
    10.9933829838833,
    10.798941471958742,
    12.944910863631826,
    12.098391798795092,
    11.395373775171427,
    10.977957079399795,
    9.735636433217062,
    12.507055832838535,
    11.923362359319098,
    11.567855681214033,
    12.501911035934505,
    12.653589459504847,
    12.207434811345959,
    14.258134976003987,
    13.973311602320898,
    13.907330530370931,
    12.62044408479932,
    12.307138697220696,
    13.07708412241592,
    11.283690854023254,
    13.363961358529396,
    12.010030492297107,
    12.92967730494474,
    11.18633811559775,
    13.687672644544065,
    13.538944801347714,
    11.434153852268883,
    12.495279963405313,
    12.84233867037372,
    13.070387454647147
  ],
  "test_segment_bal_acc": [
    0.5,
    0.5,
    0.5,
    0.5,
    0.5,
    0.5,
    0.5,
    0.5,
    0.5,
    0.5,
    0.5,
    0.5,
    0.5,
    0.5,
    0.5,
    0.5,
    0.5,
    0.5,
    0.5,
    0.5,
    0.5,
    0.5,
    0.5,
    0.5,
    0.5,
    0.5,
    0.5,
    0.5,
    0.5,
    0.5,
    0.5,
    0.5,
    0.5,
    0.5,
    0.5,
    0.5,
    0.5,
    0.5,
    0.5,
    0.5,
    0.5,
    0.5,
    0.5,
    0.5,
    0.5,
    0.5,
    0.5,
    0.5,
    0.5,
    0.5
  ]
}